spec_name,pm_name,g3d_mark,match_score
305,GeForce 305M,150,85.7
315,GeForce 315,196,100.0
315E,GeForce 315,196,85.7
A10G,A10G,13598,100.0
A10M,NVIDIA A10,21687,85.7
All-In-Wonder 9000 PRO,ALL-IN-WONDER 9000,4,90.0
All-In-Wonder 9800 PRO,ALL-IN-WONDER 9800,23,90.0
All-In-Wonder 9800 SE,ALL-IN-WONDER 9800,23,92.3
All-In-Wonder Radeon 8500,ALL-IN-WONDER RADEON 8500DV,5,94.7
All-In-Wonder Radeon 8500DV,ALL-IN-WONDER RADEON 8500DV,5,100.0
All-In-Wonder X1800 XL,All-in-Wonder X1800XL,30,97.7
All-In-Wonder X1900,All-in-Wonder X1900,127,100.0
All-In-Wonder X800 GT,ALL-IN-WONDER X800 GT,84,100.0
All-In-Wonder X800 SE,ALL-IN-WONDER X800 GT,84,85.7
All-In-Wonder X800 VE,ALL-IN-WONDER X800 GT,84,85.7
All-In-Wonder X800 XL,ALL-IN-WONDER X800 GT,84,85.7
All-In-Wonder X800 XT,ALL-IN-WONDER X800 GT,84,85.7
Arc A310,Intel Arc A310,5464,100.0
Arc A380,Intel Arc A380,6308,100.0
Arc A580,Intel Arc A580,12050,100.0
Arc A750,Intel Arc A750,12626,100.0
Arc A770,Intel Arc A770,13355,100.0
Arc B570,Intel Arc B570,14105,100.0
Arc B580,Intel Arc B580,15986,100.0
Arc Pro A40,Intel Arc Pro A60,9797,85.7
Arc Pro A50,Intel Arc Pro A60,9797,85.7
Arc Pro A60,Intel Arc Pro A60,9797,100.0
Arc Pro B50,Intel Arc Pro B50,12554,100.0
Arc Pro B60,Intel Arc Pro B60,15171,100.0
CMP 30HX,CMP 30HX,5693,100.0
CMP 40HX,CMP 40HX,9343,100.0
CMP 50HX,CMP 30HX,5693,87.5
CMP 70HX,CMP 30HX,5693,87.5
CMP 90HX,CMP 30HX,5693,87.5
Fire GL1,FireGL X1,59,82.4
FireGL 9600 T2-128,FireGL T2-128,30,83.9
FireGL V3100,FireGL V3100,52,100.0
FireGL V3200,FireGL V3200,84,100.0
FireGL V3300,FireGL V3300,70,100.0
FireGL V3350,FireGL V3350,68,100.0
FireGL V3400,FireGL V3400,103,100.0
FireGL V3600,FireGL V3600,179,100.0
FireGL V5100,FireGL V5100,92,100.0
FireGL V5200,FireGL V5200,114,100.0
FireGL V5600,FireGL V5600,341,100.0
FireGL V7100,FireGL V7100,71,100.0
FireGL V7200,FireGL V7200,116,100.0
FireGL V7300,FireGL V7300,128,100.0
FireGL V7350,FireGL V7350,110,100.0
FireGL V7600,FireGL V7600,615,100.0
FireGL V7700,FireGL V7700,660,100.0
FireGL V8600,FireGL V8600,838,100.0
FireGL V8650,FireGL V8650,550,100.0
FireGL X3-256,FireGL X1,59,72.7
FireMV 2200,FireMV 2200 PCI,1,84.6
FireMV 2200 PCI,FireMV 2200 PCI,1,100.0
FireMV 2250,FireMV 2250,45,100.0
FireMV 2250 PCIe x1,FireMV 2250,45,73.3
FireMV 2260,FireMV 2260,117,100.0
FireMV 2260 PCIe x1,FireMV 2260,117,73.3
FireMV 2400 PCI,FireMV 2400 PCIe,11,96.8
FireMV 2400 PCIe x1,FireMV 2400 PCIe,11,91.4
FirePro 2260 PCI,FirePro 2260,112,85.7
FirePro 2270,FirePro 2270,142,100.0
FirePro 2270 PCIe x1,FirePro 2270,142,75.0
FirePro R5000,FirePro R5000,2646,100.0
FirePro RG220,FirePro RG220,335,100.0
FirePro RG220A,FirePro RG220,335,96.3
FirePro S7000,FirePro S7000,4732,100.0
FirePro S7150,FirePro S7150,3770,100.0
FirePro S9000,FirePro S9000,5059,100.0
FirePro S9050,FirePro S9050,4901,100.0
FirePro S9100,FirePro W9100,7747,92.3
FirePro V3750,FirePro 3D V3750,341,89.7
FirePro V3800,FirePro V3800,320,100.0
FirePro V3900,FirePro V3900,627,100.0
FirePro V4900,FirePro V4900,1003,100.0
FirePro V5700,FirePro V5700,464,100.0
FirePro V5800,FirePro V5800,1184,100.0
FirePro V5800 DVI,FirePro 3D V5800,1231,90.9
FirePro V5900,FirePro V5900,1187,100.0
FirePro V7750,FirePro 3D V7750,545,89.7
FirePro V7800,FirePro V7800,2028,100.0
FirePro V7800P,FirePro V7800,2028,96.3
FirePro V7900,FirePro V7900,2260,100.0
FirePro V7900 SDI,FirePro V7900,2260,86.7
FirePro V8700,FirePro V8700,1538,100.0
FirePro V8750,FirePro 3D V8750,1271,89.7
FirePro V8800,FirePro V8800,2280,100.0
FirePro V9800,FirePro V9800,2726,100.0
FirePro V9800P,FirePro V9800,2726,96.3
FirePro W2100,FirePro W2100,848,100.0
FirePro W4000,FirePro M4000,1591,92.3
FirePro W4100,FirePro W4100,1491,100.0
FirePro W4300,FirePro W4300,2678,100.0
FirePro W5000,FirePro W5000,2968,100.0
FirePro W5000 DVI,FirePro W5000,2968,86.7
FirePro W5100,FirePro W5100,2974,100.0
FirePro W600,FirePro W600,1694,100.0
FirePro W7000,FirePro W7000,4315,100.0
FirePro W7100,FirePro W7100,5041,100.0
FirePro W8000,FirePro W8000,4091,100.0
FirePro W8100,FirePro W8100,6812,100.0
FirePro W9000,FirePro W9000,6115,100.0
FirePro W9100,FirePro W9100,7747,100.0
FireStream 9170,FireStream 9170,647,100.0
FireStream 9250,FireStream 9250,1164,100.0
FireStream 9270,FireStream 9270,1341,100.0
FireStream 9370,FireStream 9370,2528,100.0
GRID K100,GRID K1,650,87.5
GRID K120Q,GRID K120Q,293,100.0
GRID K140Q,GRID K140Q,727,100.0
GRID K160Q,GRID K160Q,628,100.0
GRID K180Q,GRID K180Q,533,100.0
GRID K200,GRID K2,2736,87.5
GRID K220Q,GRID K220Q,912,100.0
GRID K240Q,GRID K240Q,2541,100.0
GRID K260Q,GRID K260Q,2949,100.0
GRID K280Q,GRID K280Q,2839,100.0
GRID M10-8Q,GRID M10-8Q,2595,100.0
GRID M3-3020,GRID M6-0B,911,72.7
GRID M40,GRID K140Q,727,77.8
GRID M6-8Q,GRID M6-8Q,3568,100.0
GRID M60-1Q,GRID M60-1Q,3694,100.0
GRID M60-2Q,GRID M60-2Q,5203,100.0
GRID M60-4A,GRID M60-4A,2450,100.0
GRID M60-8Q,GRID M60-8Q,3883,100.0
GRID RTX T10-2,GRID RTX6000P-2B,3343,73.3
GRID RTX T10-4,GRID M10-4Q,2936,72.0
GeForce 210,GeForce 210,143,100.0
GeForce 310 OEM,GeForce 310M,128,72.7
GeForce 315 OEM,GeForce 315M,120,72.7
GeForce 6200,GeForce 6200,37,100.0
GeForce 6200 AGP,GeForce Go 6200,15,80.0
GeForce 6200 LE,GeForce 6200 LE,32,100.0
GeForce 6200 LE AGP,GeForce 6200 A-LE,32,90.0
GeForce 6200 LE PCI,GeForce 6200 LE,32,77.8
GeForce 6200 SE TurboCache,GeForce 6200SE TurboCache,37,97.1
GeForce 6200 TurboCache,GeForce 6200 TurboCache,52,100.0
GeForce 6500,GeForce 6500,38,100.0
GeForce 6600,GeForce 6600,85,100.0
GeForce 6600 AGP,GeForce 6600 GT,142,80.0
GeForce 6600 GT,GeForce 6600 GT,142,100.0
GeForce 6600 GT AGP,GeForce 6600 GT,142,77.8
GeForce 6600 LE,GeForce 6600 LE,51,100.0
GeForce 6600 LE AGP,GeForce 6600 LE,51,77.8
GeForce 6600 VE,GeForce 6600 LE,51,85.7
GeForce 6610 XL,GeForce 6610 XL,88,100.0
GeForce 6700 XL,GeForce 6700 XL,95,100.0
GeForce 6800,GeForce 6800,112,100.0
GeForce 6800 GS,GeForce 6800 GS,191,100.0
GeForce 6800 GT,GeForce 6800 GT,142,100.0
GeForce 6800 GT DDL,GeForce 6800 GT,142,77.8
GeForce 6800 GTO,GeForce 6800 GT,142,93.3
GeForce 6800 LE,GeForce 6800 LE,109,100.0
GeForce 6800 Ultra,GeForce 6800 Ultra,138,100.0
GeForce 6800 Ultra DDL,GeForce 6800 Ultra,138,83.3
GeForce 6800 XE,GeForce 6800 XE,58,100.0
GeForce 6800 XT,GeForce 6800 XT,120,100.0
GeForce 7100 GS,GeForce 7100 GS,51,100.0
GeForce 7200 GS,GeForce 7200 GS,23,100.0
GeForce 7300 GS,GeForce 7300 GS,80,100.0
GeForce 7300 GT,GeForce 7300 GT,122,100.0
GeForce 7300 GT AGP,GeForce 7300 GT,122,77.8
GeForce 7300 LE,GeForce 7300 LE,81,100.0
GeForce 7300 SE,GeForce 7300 SE,39,100.0
GeForce 7350 LE,GeForce 7350 LE,74,100.0
GeForce 7500 LE,GeForce 7500 LE,91,100.0
GeForce 7600 GS,GeForce 7600 GS,166,100.0
GeForce 7600 GS AGP,GeForce 7600 GS,166,77.8
GeForce 7600 GT,GeForce 7600 GT,234,100.0
GeForce 7600 GT AGP,GeForce Go 7600 GT,210,85.7
GeForce 7650 GS,GeForce 7650 GS,134,100.0
GeForce 7800 GS AGP,GeForce 7800 GS,177,77.8
GeForce 7800 GS+ AGP,GeForce 7800 GS,177,77.8
GeForce 7800 GT,GeForce 7800 GT,244,100.0
GeForce 7800 GTX,GeForce 7800 GTX,268,100.0
GeForce 7800 GTX 512,GeForce 8800 GTS 512,549,83.3
GeForce 7900 GS,GeForce 7900 GS,262,100.0
GeForce 7900 GS AGP,GeForce Go 7900 GS,177,85.7
GeForce 7900 GT,GeForce 7900 GT,258,100.0
GeForce 7900 GTO,GeForce 7900 GT,258,93.3
GeForce 7900 GTX,GeForce 7900 GTX,387,100.0
GeForce 7950 GT,GeForce 7950 GT,344,100.0
GeForce 7950 GT AGP,GeForce Go 7950 GTX,263,81.8
GeForce 8300 GS,GeForce 8300 GS,115,100.0
GeForce 8400,GeForce 8400,81,100.0
GeForce 8400 GS,GeForce 8400 GS,168,100.0
GeForce 8400 GS PCI,GeForce 8400 GS,168,77.8
GeForce 8400 SE,GeForce 8400 SE,68,100.0
GeForce 8500 GT,GeForce 8500 GT,170,100.0
GeForce 8600 GS,GeForce 8600 GS,179,100.0
GeForce 8600 GT,GeForce 8600 GT,145,100.0
GeForce 8600 GTS,GeForce 8600 GTS,185,100.0
GeForce 8800 GS,GeForce 8800 GS,330,100.0
GeForce 8800 GT,GeForce 8800 GT,454,100.0
GeForce 8800 GTS 320,GeForce 8800 GTS 512,549,83.3
GeForce 8800 GTS 512,GeForce 8800 GTS 512,549,100.0
GeForce 8800 GTS 640,GeForce 8800 GTS,400,80.0
GeForce 8800 GTS Core 112,GeForce 8800 GTS 512,549,75.9
GeForce 8800 GTX,GeForce 8800 GTX,555,100.0
GeForce 8800 Ultra,GeForce 8800 Ultra,642,100.0
GeForce 9300 GE,GeForce 9300 GE,115,100.0
GeForce 9300 GS,GeForce 9300 GS,102,100.0
GeForce 9300 SE,GeForce 9300 SE,81,100.0
GeForce 9400 GT,GeForce 9400 GT,197,100.0
GeForce 9400 GT PCI,GeForce 9400 GT,197,77.8
GeForce 9500 GS,GeForce 9500 GS,215,100.0
GeForce 9500 GT,GeForce 9500 GT,191,100.0
GeForce 9500 GT Rev. 2,GeForce GT 120 / 9500 GT,324,74.1
GeForce 9600 GS OEM,GeForce 9600 GSO,323,84.2
GeForce 9600 GSO,GeForce 9600 GSO,323,100.0
GeForce 9600 GSO 512,GeForce 9600 GSO 512,329,100.0
GeForce 9600 GT,GeForce 9600 GT,470,100.0
GeForce 9600 GTX,GeForce 9600 GT,470,93.3
GeForce 9800 GT,GeForce 9800 GT,441,100.0
GeForce 9800 GTX,GeForce 9800 GTX,769,100.0
GeForce 9800 GTX+,GeForce 9800 GTX,769,100.0
GeForce FX 5100,GeForce FX 5100,7,100.0
GeForce FX 5200,GeForce FX 5200,7,100.0
GeForce FX 5200 LE,GeForce FX 5200,7,82.4
GeForce FX 5200 PCI,GeForce FX 5200,7,77.8
GeForce FX 5200 Ultra,GeForce FX 5200 Ultra,12,100.0
GeForce FX 5500,GeForce FX 5500,8,100.0
GeForce FX 5500 PCI,GeForce FX 5500,8,77.8
GeForce FX 5600,GeForce FX 5600,12,100.0
GeForce FX 5600 Ultra,GeForce FX 5600 Ultra,17,100.0
GeForce FX 5600 XT,Radeon RX 5600 XT,13399,90.0
GeForce FX 5600 XT PCI,Radeon RX 5600 XT,13399,75.0
GeForce FX 5700,GeForce FX 5700,40,100.0
GeForce FX 5700 EP,GeForce FX 5700LE,24,84.2
GeForce FX 5700 LE,GeForce FX 5700,40,82.4
GeForce FX 5700 Ultra,GeForce FX 5700 Ultra,34,100.0
GeForce FX 5700 VE,GeForce FX 5700,40,82.4
GeForce FX 5900,GeForce FX 5900,34,100.0
GeForce FX 5900 Ultra,GeForce FX 5900 Ultra,41,100.0
GeForce FX 5900 XT,GeForce FX 5900,34,82.4
GeForce FX 5900 ZT,GeForce FX 5900,34,82.4
GeForce FX 5950 Ultra,GeForce FX 5950 Ultra,59,100.0
GeForce G210 OEM,GeForce G210M,135,76.9
GeForce GT 1010,GeForce GT 1010,972,100.0
GeForce GT 1010 DDR4,GeForce GT 1010,972,73.7
GeForce GT 1030,GeForce GT 1030,2399,100.0
GeForce GT 1030 DDR4,GeForce GT 1030,2399,73.7
GeForce GT 120 OEM,GeForce GT 120,186,75.0
GeForce GT 130 OEM,GeForce GT 130,381,75.0
GeForce GT 140 OEM,GeForce GT 140,657,75.0
GeForce GT 220,GeForce GT 220,223,100.0
GeForce GT 220 OEM,GeForce GT 220,223,75.0
GeForce GT 230,GeForce GT 230,323,100.0
GeForce GT 230 OEM,GeForce GT 230,323,75.0
GeForce GT 240,GeForce GT 240,474,100.0
GeForce GT 320 OEM,GeForce GT 320,467,75.0
GeForce GT 330 OEM,GeForce GT 330,397,75.0
GeForce GT 340 OEM,GeForce GT 340,738,75.0
GeForce GT 415 OEM,GeForce GT 415,251,75.0
GeForce GT 420 OEM,GeForce GT 420,435,75.0
GeForce GT 430,GeForce GT 430,595,100.0
GeForce GT 430 OEM,GeForce GT 430,595,75.0
GeForce GT 430 PCI,GeForce GT 430,595,75.0
GeForce GT 440,GeForce GT 440,771,100.0
GeForce GT 440 OEM,GeForce GT 440,771,75.0
GeForce GT 520,GeForce GT 520,324,100.0
GeForce GT 520 OEM,GeForce GT 520,324,75.0
GeForce GT 520 PCI,GeForce GT 520,324,75.0
GeForce GT 530 OEM,GeForce GT 530,652,75.0
GeForce GT 545,GeForce GT 545,1122,100.0
GeForce GT 545 OEM,GeForce GT 545,1122,75.0
GeForce GT 610,GeForce GT 610,337,100.0
GeForce GT 610 OEM,GeForce GT 610,337,75.0
GeForce GT 610 PCI,GeForce GT 610,337,75.0
GeForce GT 620,GeForce GT 620,394,100.0
GeForce GT 620 OEM,GeForce GT 620,394,75.0
GeForce GT 625 OEM,GeForce GT 625,378,75.0
GeForce GT 630,GeForce GT 630,684,100.0
GeForce GT 630 OEM,GeForce GT 630,684,75.0
GeForce GT 635 OEM,GeForce GT 635,810,75.0
GeForce GT 640,GeForce GT 640,1164,100.0
GeForce GT 640 OEM,GeForce GT 640M LE,689,80.0
GeForce GT 640 Rev. 2,GeForce GT 640M LE,689,72.7
GeForce GT 645 OEM,GeForce GT 645,2005,75.0
GeForce GT 705 OEM,GeForce GT 705,372,75.0
GeForce GT 710,GeForce GT 710,618,100.0
GeForce GT 710 OEM,GeForce GT 710,618,75.0
GeForce GT 720,GeForce GT 720,661,100.0
GeForce GT 720 OEM,GeForce GT 720,661,75.0
GeForce GT 730,GeForce GT 730,824,100.0
GeForce GT 730 OEM,GeForce GT 730,824,75.0
GeForce GT 740,GeForce GT 740,1421,100.0
GeForce GT 740 OEM,GeForce GT 740,1421,75.0
GeForce GTS 150 OEM,GeForce GTS 150M,504,73.7
GeForce GTS 240 OEM,GeForce GTS 240,515,77.8
GeForce GTS 250,GeForce GTS 250,563,100.0
GeForce GTS 450,GeForce GTS 450,1348,100.0
GeForce GTS 450 OEM,GeForce GTS 450,1348,77.8
GeForce GTX 1050,GeForce GTX 1050,5048,100.0
GeForce GTX 1050 3 GB,GeForce GTX 1050 3GB,5114,96.0
GeForce GTX 1050 Ti,GeForce GTX 1050 Ti,6363,100.0
GeForce GTX 1060 3 GB,GeForce GTX 1060 3GB,9841,96.0
GeForce GTX 1060 3 GB GP104,GeForce GTX 1060 3GB,9841,77.4
GeForce GTX 1060 5 GB,GeForce GTX 1060 5GB,9180,96.0
GeForce GTX 1060 6 GB,GeForce GTX 1060 3GB,9841,88.0
GeForce GTX 1070,GeForce GTX 1070,13514,100.0
GeForce GTX 1070 Ti,GeForce GTX 1070 Ti,14671,100.0
GeForce GTX 1080,GeForce GTX 1080,15605,100.0
GeForce GTX 1080 Ti,GeForce GTX 1080 Ti,18593,100.0
GeForce GTX 1630,GeForce GTX 1630,4984,100.0
GeForce GTX 1650,GeForce GTX 1650,7872,100.0
GeForce GTX 1650 GDDR6,GeForce GTX 1650,7872,72.7
GeForce GTX 1650 SUPER,GeForce GTX 1650 SUPER,10192,100.0
GeForce GTX 1650 TU106,GeForce GTX 1650 Ti,7534,80.0
GeForce GTX 1650 TU116,GeForce GTX 1650 Ti,7534,80.0
GeForce GTX 1660,GeForce GTX 1660,11616,100.0
GeForce GTX 1660 SUPER,GeForce GTX 1660 SUPER,12677,100.0
GeForce GTX 1660 Ti,GeForce GTX 1660 Ti,12617,100.0
GeForce GTX 260,GeForce GTX 260,1200,100.0
GeForce GTX 260 OEM,GeForce GTX 260,1200,77.8
GeForce GTX 275,GeForce GTX 275,1349,100.0
GeForce GTX 280,GeForce GTX 280,1293,100.0
GeForce GTX 285,GeForce GTX 285,1476,100.0
GeForce GTX 460,GeForce GTX 460,2267,100.0
GeForce GTX 460 OEM,GeForce GTX 460 SE,1990,85.7
GeForce GTX 460 SE,GeForce GTX 460 SE,1990,100.0
GeForce GTX 460 SE v2,GeForce GTX 460 SE,1990,87.0
GeForce GTX 460 v2,GeForce GTX 460 v2,2064,100.0
GeForce GTX 460 v2 ES,GeForce GTX 460 v2,2064,87.0
GeForce GTX 465,GeForce GTX 465,2645,100.0
GeForce GTX 470,GeForce GTX 470,3165,100.0
GeForce GTX 480,GeForce GTX 480,4078,100.0
GeForce GTX 550 Ti,GeForce GTX 550 Ti,1558,100.0
GeForce GTX 555 OEM,GeForce GTX 555,1601,77.8
GeForce GTX 560,GeForce GTX 560,2776,100.0
GeForce GTX 560 OEM,GeForce GTX 560 SE,1873,85.7
GeForce GTX 560 SE,GeForce GTX 560 SE,1873,100.0
GeForce GTX 560 Ti,GeForce GTX 560 Ti,3079,100.0
GeForce GTX 560 Ti 448,GeForce GTX 560 Ti,3079,83.3
GeForce GTX 560 Ti OEM,GeForce GTX 560 Ti,3079,83.3
GeForce GTX 570,GeForce GTX 570,3937,100.0
GeForce GTX 580,GeForce GTX 580,4629,100.0
GeForce GTX 645 OEM,GeForce GTX 645,1875,77.8
GeForce GTX 650,GeForce GTX 650,1757,100.0
GeForce GTX 650 Ti,GeForce GTX 650 Ti,2535,100.0
GeForce GTX 650 Ti Boost,GeForce GTX 650 Ti BOOST,3414,100.0
GeForce GTX 650 Ti OEM,GeForce GTX 650 Ti,2535,83.3
GeForce GTX 660,GeForce GTX 660,4049,100.0
GeForce GTX 660 OEM,GeForce GTX 660,4049,77.8
GeForce GTX 660 Ti,GeForce GTX 660 Ti,4414,100.0
GeForce GTX 670,GeForce GTX 670,5369,100.0
GeForce GTX 680,GeForce GTX 680,5606,100.0
GeForce GTX 745 OEM,GeForce GTX 745,2119,77.8
GeForce GTX 750,GeForce GTX 750,3291,100.0
GeForce GTX 750 Ti,GeForce GTX 750 Ti,3899,100.0
GeForce GTX 760,GeForce GTX 760,4825,100.0
GeForce GTX 760 OEM,GeForce GTX 760 Ti OEM,5474,88.0
GeForce GTX 760 OEM Rebrand,GeForce GTX 760 Ti OEM,5474,72.7
GeForce GTX 760 Ti OEM,GeForce GTX 760 Ti OEM,5474,100.0
GeForce GTX 760 Ti OEM Rebrand,GeForce GTX 760 Ti OEM,5474,77.8
GeForce GTX 770,GeForce GTX 770,5961,100.0
GeForce GTX 780,GeForce GTX 780,7961,100.0
GeForce GTX 780 Ti,GeForce GTX 780 Ti,9451,100.0
GeForce GTX 950,GeForce GTX 950,5352,100.0
GeForce GTX 950 OEM,GeForce GTX 950,5352,77.8
GeForce GTX 960,GeForce GTX 960,6143,100.0
GeForce GTX 960 OEM,GeForce GTX 960,6143,77.8
GeForce GTX 970,GeForce GTX 970,9638,100.0
GeForce GTX 980,GeForce GTX 980,11080,100.0
GeForce GTX 980 Ti,GeForce GTX 980 Ti,13634,100.0
GeForce GTX TITAN,GeForce GTX Titan,8196,100.0
GeForce GTX TITAN BLACK,GeForce GTX TITAN Black,9183,100.0
GeForce GTX TITAN X,GeForce GTX TITAN X,12563,100.0
GeForce PCX 5300,GeForce PCX 5300,6,100.0
GeForce PCX 5750,GeForce PCX 5750,34,100.0
GeForce PCX 5900,GeForce PCX 5900,34,100.0
GeForce RTX 2060,GeForce RTX 2060,14093,100.0
GeForce RTX 2060 12 GB,GeForce RTX 2060 12GB,15926,81.5
GeForce RTX 2060 SUPER,GeForce RTX 2060 SUPER,16467,100.0
GeForce RTX 2060 TU104,GeForce RTX 2060,14093,72.7
GeForce RTX 2070,GeForce RTX 2070,16062,100.0
GeForce RTX 2070 SUPER,GeForce RTX 2070 SUPER,18132,100.0
GeForce RTX 2080,GeForce RTX 2080,18583,100.0
GeForce RTX 2080 SUPER,GeForce RTX 2080 SUPER,19439,100.0
GeForce RTX 2080 Ti,GeForce RTX 2080 Ti,21451,100.0
GeForce RTX 3050 4 GB,GeForce RTX 3050 6GB,10748,88.0
GeForce RTX 3050 6 GB,GeForce RTX 3050 6GB,10748,96.0
GeForce RTX 3050 8 GB,GeForce RTX 3050 8GB,12491,96.0
GeForce RTX 3050 8 GB GA107,GeForce RTX 3050 8GB,12491,77.4
GeForce RTX 3050 OEM,GeForce RTX 3050 OEM,11874,100.0
GeForce RTX 3060 12 GB,GeForce RTX 3060 8GB,15229,84.6
GeForce RTX 3060 3840SP,GeForce RTX 3060 8GB,15229,74.1
GeForce RTX 3060 8 GB,GeForce RTX 3060 8GB,15229,96.0
GeForce RTX 3060 8 GB GA104,GeForce RTX 3060 8GB,15229,77.4
GeForce RTX 3060 Ti,GeForce RTX 3060 Ti,20249,100.0
GeForce RTX 3060 Ti GA103,GeForce RTX 3060 Ti,20249,78.6
GeForce RTX 3060 Ti GDDR6X,GeForce RTX 3060 Ti,20249,75.9
GeForce RTX 3070,GeForce RTX 3070,22108,100.0
GeForce RTX 3070 Ti,GeForce RTX 3070 Ti,23219,100.0
GeForce RTX 3070 TiM,GeForce RTX 3070 Ti,23219,95.7
GeForce RTX 3080,GeForce RTX 3080,25004,100.0
GeForce RTX 3080 12 GB,GeForce RTX 3080 12GB,26564,81.5
GeForce RTX 3080 Ti,GeForce RTX 3080 Ti,26759,100.0
GeForce RTX 3080 Ti 20 GB,GeForce RTX 3080 Ti,26759,78.6
GeForce RTX 3090,GeForce RTX 3090,26531,100.0
GeForce RTX 3090 Ti,GeForce RTX 3090 Ti,29279,100.0
GeForce RTX 4060,GeForce RTX 4060,19502,100.0
GeForce RTX 4060 AD106,GeForce RTX 4060,19502,72.7
GeForce RTX 4060 Ti 16 GB,GeForce RTX 4060 Ti 16GB,22608,84.8
GeForce RTX 4060 Ti 8 GB,GeForce RTX 4060 Ti,22608,81.5
GeForce RTX 4060 Ti AD104,GeForce RTX 4060 Ti,22608,78.6
GeForce RTX 4070,GeForce RTX 4070,26889,100.0
GeForce RTX 4070 AD103,GeForce RTX 4070,26889,72.7
GeForce RTX 4070 GDDR6,GeForce RTX 4070,26889,72.7
GeForce RTX 4070 SUPER,GeForce RTX 4070 SUPER,29948,100.0
GeForce RTX 4070 Ti,GeForce RTX 4070 Ti,31565,100.0
GeForce RTX 4070 Ti SUPER,GeForce RTX 4070 Ti SUPER,31839,100.0
GeForce RTX 4070 Ti SUPER AD102,GeForce RTX 4070 Ti SUPER,31839,85.0
GeForce RTX 4080,GeForce RTX 4080,34454,100.0
GeForce RTX 4080 SUPER,GeForce RTX 4080 SUPER,34258,100.0
GeForce RTX 4090,GeForce RTX 4090,38071,100.0
GeForce RTX 4090 D,GeForce RTX 4090 D,30864,100.0
GeForce RTX 5050,GeForce RTX 5050,17069,100.0
GeForce RTX 5060,GeForce RTX 5060,20756,100.0
GeForce RTX 5060 Ti 16 GB,GeForce RTX 5060 Ti 8GB,22132,87.5
GeForce RTX 5060 Ti 8 GB,GeForce RTX 5060 Ti 8GB,22132,96.8
GeForce RTX 5070,GeForce RTX 5070,28725,100.0
GeForce RTX 5070 Ti,GeForce RTX 5070 Ti,32396,100.0
GeForce RTX 5070 Ti SUPER,GeForce RTX 5070 Ti,32396,78.6
GeForce RTX 5080,GeForce RTX 5080,35687,100.0
GeForce RTX 5090,GeForce RTX 5090,38942,100.0
GeForce RTX 5090 D,GeForce RTX 5090 D,41587,100.0
GeForce RTX 5090 D V2,GeForce RTX 5090 D v2,32935,100.0
GeForce2 GTS,GeForce2 Go,4,87.0
GeForce2 GTS PRO,GeForce2 Go,4,81.5
GeForce2 MX,GeForce2 MX,2,100.0
GeForce2 MX 200,GeForce2 MX 100/200,3,88.2
GeForce2 MX 200 LP,GeForce2 MX 100/200,3,81.1
GeForce2 MX 200 PCI,GeForce2 MX 100/200,3,78.9
GeForce2 MX 400,GeForce2 MX/MX 400,3,90.9
GeForce2 MX 400 PCI,GeForce2 MX/MX 400,3,86.5
GeForce2 MX DH Pro TV,GeForce2 MX with TV Out,2,72.7
GeForce2 MX PCI,GeForce2 MX,2,84.6
GeForce2 PRO,GeForce2 Go,4,87.0
GeForce2 Ti,GeForce2 Ti,4,100.0
GeForce2 Ultra,GeForce2 Ultra,6,100.0
GeForce3,GeForce3,4,100.0
GeForce3 Ti200,NVIDIA GeForce3 Ti200,5,100.0
GeForce3 Ti500,GeForce2 Ti,4,80.0
GeForce4 MX 4000,GeForce4 MX 4000,4,100.0
GeForce4 MX 4000 PCI,GeForce4 MX 4000,4,88.9
GeForce4 MX 4000 Rev. 2,GeForce4 MX 4000,4,84.2
GeForce4 MX 420,GeForce4 MX 420,4,100.0
GeForce4 MX 420 PCI,GeForce4 MX 420,4,88.2
GeForce4 MX 440,GeForce4 MX 440,4,100.0
GeForce4 MX 440 Mac Edition,GeForce4 MX 440SE,4,72.7
GeForce4 MX 440-8x,GeForce4 MX 440,4,90.9
GeForce4 MX 440-SE,GeForce4 MX 440,4,90.9
GeForce4 MX 460,GeForce4 MX 460,4,100.0
GeForce4 Ti 4200,GeForce4 Ti 4200,5,100.0
GeForce4 Ti 4200-8X,GeForce4 Ti 4200,5,91.4
GeForce4 Ti 4400,GeForce4 Ti 4400,7,100.0
GeForce4 Ti 4600,GeForce4 Ti 4600,5,100.0
GeForce4 Ti 4800,GeForce4 Ti 4800,5,100.0
GeForce4 Ti 4800 SE,GeForce4 Ti 4800 SE,6,100.0
L4,L4,10153,100.0
L40,nVidia L40,27355,100.0
L40G,nVidia L40,27355,85.7
L40S,L40S,20022,100.0
Millenium P650 LP MDD PCIe,Matrox Millennium P650 PCIe 128,5,77.2
Millenium P650 PCIe,Matrox Millennium P650 PCIe 128,5,76.0
NVS 300,NVS 300,119,100.0
NVS 310,NVS 310,294,100.0
NVS 315,NVS 315,336,100.0
NVS 510,NVS 510,677,100.0
P102-100,P102-100,3702,100.0
P102-101,P102-100,3702,87.5
P104-100,P104-100,3668,100.0
P104-101,P104-100,3668,87.5
P106-090,P106-090,2684,100.0
P106-100,P106-100,6737,100.0
Parhelia 128 MB,Matrox Parhelia 128MB,3,77.8
Parhelia 256 MB,Matrox Parhelia 256MB,9,77.8
Parhelia APVe,Matrox Parhelia APVe,5,78.8
Quadro,Quadro CX,947,80.0
Quadro 2000,Quadro 2000,946,100.0
Quadro 2000D,Quadro 2000D,980,100.0
Quadro 400,Quadro 400,148,100.0
Quadro 4000,Quadro 4000,1471,100.0
Quadro 410,Quadro 410,434,100.0
Quadro 5000,Quadro 5000,1963,100.0
Quadro 5000 SDI,Quadro 5000,1963,84.6
Quadro 600,Quadro 600,518,100.0
Quadro 6000,Quadro 6000,2698,100.0
Quadro 6000 SDI,Quadro 6000,2698,84.6
Quadro 7000,Quadro 7000,3505,100.0
Quadro CX,Quadro CX,947,100.0
Quadro DCC,Quadro CX,947,84.2
Quadro FX 1000,Quadro FX 1000,34,100.0
Quadro FX 1100,Quadro FX 1100,35,100.0
Quadro FX 1300,Quadro FX 1300,34,100.0
Quadro FX 1400,Quadro FX 1400,124,100.0
Quadro FX 1500,Quadro FX 1500,169,100.0
Quadro FX 1700,Quadro FX 1700,211,100.0
Quadro FX 1800,Quadro FX 1800,395,100.0
Quadro FX 2000,Quadro FX 2000,18,100.0
Quadro FX 3000,Quadro FX 3000,69,100.0
Quadro FX 3000G,Quadro FX 3000,69,96.6
Quadro FX 3450,Quadro FX 3450,148,100.0
Quadro FX 350,Quadro FX 350,85,100.0
Quadro FX 3500,Quadro FX 3500,265,100.0
Quadro FX 370,Quadro FX 370,83,100.0
Quadro FX 370 LP,Quadro FX 370 LP,108,100.0
Quadro FX 3700,Quadro FX 3700,371,100.0
Quadro FX 380,Quadro FX 380,206,100.0
Quadro FX 380 LP,Quadro FX 380 LP,144,100.0
Quadro FX 3800,Quadro FX 3800,825,100.0
Quadro FX 4000,Quadro FX 4000,101,100.0
Quadro FX 4000 SDI,Quadro FX 3450/4000 SDI,205,87.8
Quadro FX 4500,Quadro FX 4500,227,100.0
Quadro FX 4500 SDI,Quadro FX 4500,227,87.5
Quadro FX 4600,Quadro FX 4600,395,100.0
Quadro FX 4600 SDI,Quadro FX 4600,395,87.5
Quadro FX 4800,Quadro FX 4800,1007,100.0
Quadro FX 540,Quadro FX 540,80,100.0
Quadro FX 550,Quadro FX 550,63,100.0
Quadro FX 5500,Quadro FX 5500,242,100.0
Quadro FX 5500 SDI,Quadro FX 5500,242,87.5
Quadro FX 560,Quadro FX 560,113,100.0
Quadro FX 5600,Quadro FX 5600,517,100.0
Quadro FX 570,Quadro FX 570,257,100.0
Quadro FX 580,Quadro FX 580,202,100.0
Quadro FX 5800,Quadro FX 5800,1210,100.0
Quadro FX 600 PCI,Quadro FX 500/600 PCI,14,89.5
Quadro GP100,Quadro GP100,13982,100.0
Quadro GV100,Quadro GV100,18414,100.0
Quadro K1200,Quadro K1200,2958,100.0
Quadro K2000,Quadro K2000,1583,100.0
Quadro K2000D,Quadro K2000D,1608,100.0
Quadro K2200,Quadro K2200,3578,100.0
Quadro K4000,Quadro K4000,2716,100.0
Quadro K420,Quadro K420,720,100.0
Quadro K4200,Quadro K4200,4340,100.0
Quadro K5000,Quadro K5000,4004,100.0
Quadro K5000 SYNC,Quadro K5000,4004,82.8
Quadro K5200,Quadro K5200,6172,100.0
Quadro K600,Quadro K600,717,100.0
Quadro K6000,Quadro K6000,8029,100.0
Quadro K6000 SDI,Quadro K6000,8029,85.7
Quadro K620,Quadro K620,2204,100.0
Quadro M2000,Quadro M2000,4049,100.0
Quadro M3000 SE,Quadro M3000M,5543,85.7
Quadro M4000,Quadro M4000,6677,100.0
Quadro M5000,Quadro M5000,9365,100.0
Quadro M6000,Quadro M6000,11712,100.0
Quadro M6000 24 GB,Quadro M6000 24GB,11499,97.1
Quadro NVS 280 AGP,Quadro NVS 280 SD,2,80.0
Quadro NVS 280 PCI,Quadro NVS 280 PCI,8,100.0
Quadro NVS 280 PCIe,Quadro 280 NVS PCIe,5,100.0
Quadro NVS 280 SD,Quadro NVS 280 SD,2,100.0
Quadro NVS 285,Quadro NVS 285,44,100.0
Quadro NVS 290,Quadro NVS 290,228,100.0
Quadro NVS 295,Quadro NVS 295,113,100.0
Quadro NVS 50 PCI,Quadro NVS 280 PCI,8,91.4
Quadro NVS 55 PCI,Quadro NVS 55/280 PCI,6,89.5
Quadro P1000,Quadro P1000,4508,100.0
Quadro P2000,Quadro P2000,7016,100.0
Quadro P2200,Quadro P2200,9414,100.0
Quadro P400,Quadro P400,1668,100.0
Quadro P4000,Quadro P4000,11417,100.0
Quadro P5000,Quadro P5000,12646,100.0
Quadro P600,Quadro P600,3334,100.0
Quadro P6000,Quadro P6000,15390,100.0
Quadro P620,Quadro P620,3709,100.0
Quadro RTX 4000,Quadro RTX 4000,14849,100.0
Quadro RTX 5000,Quadro RTX 5000,15329,100.0
Quadro RTX 6000,Quadro RTX 6000,17829,100.0
Quadro RTX 6000 Passive,Quadro RTX 6000,17829,78.9
Quadro RTX 8000,Quadro RTX 8000,19858,100.0
Quadro RTX 8000 Passive,Quadro RTX 8000,19858,78.9
Quadro2 MXR,Quadro2 MXR/EX,4,88.0
Quadro2 MXR Low Profile,Quadro FX 370 Low Profile,102,75.0
Quadro2 Pro,Quadro2 Pro,1,100.0
Quadro4 380 XGL,Quadro4 380 XGL,6,100.0
Quadro4 900 XGL,Quadro4 900 XGL,4,100.0
Quadro4 980 XGL,Quadro4 980 XGL,5,100.0
RTX 2000 Ada Generation,RTX 2000 Ada Generation,17144,100.0
RTX 3500 Embedded Ada Generation,RTX 3500 Ada Generation Embedded GPU,22926,94.1
RTX 4000 Ada Generation,RTX 4000 Ada Generation,23646,100.0
RTX 4000 SFF Ada Generation,RTX 4000 SFF Ada Generation,20509,100.0
RTX 4500 Ada Generation,RTX 4500 Ada Generation,28265,100.0
RTX 5000 Ada Generation,RTX 5000 Ada Generation,30333,100.0
RTX 5880 Ada Generation,RTX 5880 Ada Generation,25095,100.0
RTX 6000 Ada Generation,RTX 6000 Ada Generation,28663,100.0
RTX A1000,RTX A1000,10747,100.0
RTX A2000,RTX A2000,13418,100.0
RTX A2000 12 GB,RTX A2000 12GB,13671,82.8
RTX A400,RTX A400,5997,100.0
RTX A4000,RTX A4000,19361,100.0
RTX A4000H,RTX A4000H,16768,100.0
RTX A4500,RTX A4500,20634,100.0
RTX A5000,RTX A5000,22881,100.0
RTX A5000-12Q,RTX A5000,22881,81.8
RTX A5000-8Q,RTX A5000,22881,85.7
RTX A5500,RTX A5500,21192,100.0
RTX A6000,RTX A6000,22656,100.0
RTX PRO 2000 Blackwell,RTX PRO 2000 Blackwell,20529,100.0
RTX PRO 4000 Blackwell,RTX PRO 4000 Blackwell,28347,100.0
RTX PRO 4000 Blackwell SFF,RTX PRO 4000 Blackwell,28347,91.7
RTX PRO 4500 Blackwell,RTX PRO 4500 Blackwell,33460,100.0
RTX PRO 5000 Blackwell,RTX PRO 5000 Blackwell,32951,100.0
Radeon 540,Radeon 540,1465,100.0
Radeon 550,Radeon 550,2119,100.0
Radeon 550X,Radeon 550X,1478,100.0
Radeon 7000,GeCube RADEON 7000,8,100.0
Radeon 7200,RADEON 7200,2,100.0
Radeon 7500,RADEON 7500,3,100.0
Radeon 7500 LE,GeForce 7500 LE,91,100.0
Radeon 9000,RADEON 9000,4,100.0
Radeon 9000 LE,RADEON 9000,4,72.7
Radeon 9100,GeForce 9100,81,100.0
Radeon 9100 PCI,RADEON 9100 IGP,5,75.0
Radeon 9200,GeForce 9200,168,100.0
Radeon 9200 LE,RADEON 9200 SE,2,85.7
Radeon 9200 SE,RADEON 9200 SE,2,100.0
Radeon 9200 SE PCI,RADEON 9200 SE,2,77.8
Radeon 9250,RADEON 9250,2,100.0
Radeon 9500,RADEON 9500,36,100.0
Radeon 9550,RADEON 9550,34,100.0
Radeon 9550 SE,RADEON 9550,34,72.7
Radeon 9550 XT,RADEON 9550,34,72.7
Radeon 9600,RADEON 9600SE,27,80.0
Radeon 9600 PRO,RADEON 9600 PRO,42,100.0
Radeon 9600 SE,RADEON 9600SE,27,92.3
Radeon 9600 TX,GeForce 9600 GT,470,85.7
Radeon 9600 XT,RADEON 9600 XT,35,100.0
Radeon 9700 PRO,RADEON 9700 PRO,53,100.0
Radeon 9800,RADEON 9800,57,100.0
Radeon 9800 PRO,RADEON 9800 PRO,59,100.0
Radeon 9800 SE,RADEON 9800 SE,23,100.0
Radeon 9800 XT,RADEON 9800 XT,56,100.0
Radeon 9800 XXL,RADEON 9800 XT,56,80.0
Radeon AI PRO R9700,Radeon AI PRO R9700,27287,100.0
Radeon HD 2350 PRO,Radeon HD 2350,76,77.8
Radeon HD 2400,Radeon HD 2400,120,100.0
Radeon HD 2400 PRO,Radeon HD 2400 Pro,114,100.0
Radeon HD 2400 PRO AGP,Radeon HD 2400 Pro,114,84.6
Radeon HD 2400 PRO PCI,Radeon HD 2400 PCI,14,84.6
Radeon HD 2400 XT,Radeon HD 2400 XT,118,100.0
Radeon HD 2600 PRO,Radeon HD 2600 PRO,211,100.0
Radeon HD 2600 PRO AGP,Radeon HD 2600 Pro AGP,110,100.0
Radeon HD 2600 XT,Radeon HD 2600 XT,282,100.0
Radeon HD 2600 XT AGP,Radeon HD 2600 XT,282,83.3
Radeon HD 2900 GT,Radeon HD 2900 GT,292,100.0
Radeon HD 2900 PRO,Radeon HD 2900 PRO,627,100.0
Radeon HD 2900 XT,Radeon HD 2900 XT,659,100.0
Radeon HD 3450,Radeon HD 3450,177,100.0
Radeon HD 3450 AGP,Radeon HD 3450,177,77.8
Radeon HD 3450 PCI,Radeon HD 3450,177,77.8
Radeon HD 3470,Radeon HD 3470,117,100.0
Radeon HD 3650 AGP,Radeon HD 3650 AGP,150,100.0
Radeon HD 3850,Radeon HD 3850,401,100.0
Radeon HD 3850 AGP,Radeon HD 3850 AGP,432,100.0
Radeon HD 3870,Radeon HD 3870,551,100.0
Radeon HD 4250,Radeon HD 4250,122,100.0
Radeon HD 4350,Radeon HD 4350,164,100.0
Radeon HD 4350 AGP,Radeon HD 4350,164,77.8
Radeon HD 4350 PCI,Radeon HD 4350,164,77.8
Radeon HD 4550,Radeon HD 4550,235,100.0
Radeon HD 4650,Radeon HD 4650,248,100.0
Radeon HD 4650 AGP,Radeon HD 4650 AGP,207,100.0
Radeon HD 4670,Radeon HD 4670,381,100.0
Radeon HD 4670 AGP,Radeon HD 4670,381,77.8
Radeon HD 4770,Radeon HD 4770,908,100.0
Radeon HD 4810,Radeon HD 4810,774,100.0
Radeon HD 4830,Radeon HD 4830,865,100.0
Radeon HD 4850,Radeon HD 4850,947,100.0
Radeon HD 4870,Radeon HD 4870,1386,100.0
Radeon HD 4890,Radeon HD 4890,1545,100.0
Radeon HD 5450,Radeon HD 5450,136,100.0
Radeon HD 5450 PCI,Radeon HD 5450,136,77.8
Radeon HD 5470,Radeon HD 5470,268,100.0
Radeon HD 5550,Radeon HD 5550,384,100.0
Radeon HD 5570,Radeon HD 5570,473,100.0
Radeon HD 5570 OEM,Radeon HD 5570,473,77.8
Radeon HD 5670,Radeon HD 5670,797,100.0
Radeon HD 5750,Radeon HD 5750,1174,100.0
Radeon HD 5770,Radeon HD 5770,1348,100.0
Radeon HD 5830,Radeon HD 5830,1724,100.0
Radeon HD 5850,Radeon HD 5850,1940,100.0
Radeon HD 5870,Radeon HD 5870,2182,100.0
Radeon HD 6230,Radeon HD 6230,179,100.0
Radeon HD 6250,Radeon HD 6250,94,100.0
Radeon HD 6290,Radeon HD 6290,104,100.0
Radeon HD 6350,RADEON HD 6350,140,100.0
Radeon HD 6450,Radeon HD 6450,198,100.0
Radeon HD 6450 OEM,Radeon HD 6450,198,77.8
Radeon HD 6490,Radeon HD 6490M,377,93.3
Radeon HD 6530,Radeon HD 6530D,337,93.3
Radeon HD 6570,Radeon HD 6570,553,100.0
Radeon HD 6570 OEM,Radeon HD 6570,553,77.8
Radeon HD 6610,Radeon HD 6610M,565,93.3
Radeon HD 6670,Radeon HD 6670,731,100.0
Radeon HD 6750,Radeon HD 6750,1035,100.0
Radeon HD 6770,Radeon HD 6770,1271,100.0
Radeon HD 6790,Radeon HD 6790,1580,100.0
Radeon HD 6850,Radeon HD 6850,1929,100.0
Radeon HD 6870,Radeon HD 6870,2198,100.0
Radeon HD 6950,Radeon HD 6950,2594,100.0
Radeon HD 6970,Radeon HD 6970,2827,100.0
Radeon HD 7350 OEM,Radeon HD 7350,165,77.8
Radeon HD 7450 OEM,Radeon HD 7450,223,77.8
Radeon HD 7470 OEM,Radeon HD 7470,289,77.8
Radeon HD 7570,Radeon HD 7570,623,100.0
Radeon HD 7570 OEM,Radeon HD 7570,623,77.8
Radeon HD 7670 OEM,Radeon HD 7670,795,77.8
Radeon HD 7730,Radeon HD 7730,1163,100.0
Radeon HD 7750,Radeon HD 7750,1705,100.0
Radeon HD 7790,Radeon HD 7790,3090,100.0
Radeon HD 7850,Radeon HD 7850,3901,100.0
Radeon HD 7870 XT,Radeon HD 7870 XT,4469,100.0
Radeon HD 7970,Radeon HD 7970M,3659,93.3
Radeon HD 8350 OEM,Radeon HD 8350,162,77.8
Radeon HD 8450 OEM,Radeon HD 8450G,334,73.7
Radeon HD 8470 OEM,Radeon HD 8470,246,77.8
Radeon HD 8490 OEM,Radeon HD 8490,263,77.8
Radeon HD 8510 OEM,Radeon HD 8510G,373,73.7
Radeon HD 8550 OEM,Radeon HD 8550D,566,73.7
Radeon HD 8570 OEM,Radeon HD 8570,938,77.8
Radeon HD 8670 OEM,Radeon HD 8670D,514,73.7
Radeon HD 8730 OEM,Radeon HD 8730M,840,73.7
Radeon HD 8870 OEM,Radeon HD 8870M,1638,73.7
Radeon HD 8950 OEM,Radeon HD 8950,2840,77.8
Radeon HD 8970 OEM,Radeon HD 8970M,3876,73.7
Radeon Instinct MI25,Radeon Instinct MI60,14922,84.6
Radeon Instinct MI50,Radeon Instinct MI60,14922,92.3
Radeon Instinct MI6,Radeon Instinct MI60,14922,96.0
Radeon Instinct MI60,Radeon Instinct MI60,14922,100.0
Radeon Instinct MI8,Radeon Instinct MI60,14922,88.0
Radeon PRO V620,Radeon Pro V620,26519,100.0
Radeon PRO V710,Radeon PRO V710 MxGPU,7297,72.7
Radeon PRO W6300,Radeon PRO W6300,5559,100.0
Radeon PRO W6400,Radeon PRO W6400,8391,100.0
Radeon PRO W6600,Radeon PRO W6600,14979,100.0
Radeon PRO W6800,Radeon PRO W6800,20122,100.0
Radeon PRO W7500,Radeon PRO W7500,13219,100.0
Radeon PRO W7600,Radeon PRO W7600,16306,100.0
Radeon PRO W7700,Radeon PRO W7700,22868,100.0
Radeon PRO W7800,Radeon PRO W7800,27300,100.0
Radeon PRO W7800 48 GB,Radeon PRO W7800,27300,75.0
Radeon PRO W7900,Radeon PRO W7900,27729,100.0
Radeon PRO W7900D,Radeon PRO W7900,27729,94.7
Radeon Pro 5300,Radeon Pro 5300,7079,100.0
Radeon Pro 5500 XT,Radeon Pro 5500 XT,7868,100.0
Radeon Pro 5700,Radeon Pro 5700,11456,100.0
Radeon Pro 5700 XT,Radeon Pro 5700 XT,12457,100.0
Radeon Pro SSG,Radeon Pro SSG,10971,100.0
Radeon Pro V520,Radeon Pro V520 MxGPU,12257,72.7
Radeon Pro VII,Radeon Pro VII,13648,100.0
Radeon Pro Vega II,Radeon Pro Vega II,15618,100.0
Radeon Pro W5500,Radeon Pro W5500,8952,100.0
Radeon Pro W5500X,Radeon Pro W5500X,7350,100.0
Radeon Pro W5700,Radeon Pro W5700,14123,100.0
Radeon Pro W5700X,Radeon Pro W5700X,15178,100.0
Radeon Pro W6600X,Radeon PRO W6600X,13113,100.0
Radeon Pro W6800X,Radeon Pro W6800X,16619,100.0
Radeon Pro WX 2100,Radeon Pro WX 2100,1894,100.0
Radeon Pro WX 3100,Radeon Pro WX 3100,2617,100.0
Radeon Pro WX 3200,Radeon Pro WX 3200,2232,100.0
Radeon Pro WX 4100,Radeon Pro WX 4100,3687,100.0
Radeon Pro WX 5100,Radeon Pro WX 5100,5465,100.0
Radeon Pro WX 7100,Radeon Pro WX 7100,7722,100.0
Radeon Pro WX 8200,Radeon Pro WX 8200,12469,100.0
Radeon Pro WX 9100,Radeon Pro WX 9100,11794,100.0
Radeon R5 220 OEM,Radeon R5 220,149,75.0
Radeon R5 230,Radeon R5 230,201,100.0
Radeon R5 230 OEM,Radeon R5 230,201,75.0
Radeon R5 235 OEM,Radeon R5 235,336,75.0
Radeon R5 235X OEM,Radeon R5 235X,277,77.8
Radeon R5 240 OEM,Radeon R5 240,561,75.0
Radeon R5 310 OEM,Radeon R5 310,331,75.0
Radeon R5 330 OEM,Radeon R5 330,526,75.0
Radeon R5 340 OEM,Radeon R5 340,856,75.0
Radeon R5 430 OEM,Radeon R5 430,882,75.0
Radeon R5 435 OEM,Radeon R5 435,760,75.0
Radeon R7 240,Radeon R7 240,899,100.0
Radeon R7 240 OEM,Radeon R7 240,899,75.0
Radeon R7 250,Radeon R7 250,1049,100.0
Radeon R7 250 OEM,Radeon R7 250,1049,75.0
Radeon R7 250E,Radeon R7 250,1049,92.3
Radeon R7 250X,Radeon R7 250X,2268,100.0
Radeon R7 250XE,Radeon R7 250X,2268,93.3
Radeon R7 260,Radeon R7 260,2891,100.0
Radeon R7 260X,Radeon R7 260X,3202,100.0
Radeon R7 265,Radeon R7 A265,977,92.3
Radeon R7 340 OEM,Radeon R7 340,952,75.0
Radeon R7 350,Radeon R7 M350,1080,92.3
Radeon R7 360,Radeon R7 360,3122,100.0
Radeon R7 360E,Radeon R7 360,3122,92.3
Radeon R7 370,Radeon R7 370,4480,100.0
Radeon R7 430 OEM,Radeon R7 430,1083,75.0
Radeon R7 450 OEM,Radeon R7 450,1875,75.0
Radeon R9 255 OEM,Radeon R9 255,1391,75.0
Radeon R9 260 OEM,Radeon R9 260,3047,75.0
Radeon R9 270,Radeon R9 270,4306,100.0
Radeon R9 270X,Radeon R9 270X,4870,100.0
Radeon R9 280,Radeon R9 280,5525,100.0
Radeon R9 280X,Radeon R9 280X,6076,100.0
Radeon R9 290,Radeon R9 290,8148,100.0
Radeon R9 290X,Radeon R9 290X,8436,100.0
Radeon R9 360 OEM,Radeon R9 360,3031,75.0
Radeon R9 370,Radeon R9 370,4722,100.0
Radeon R9 370X,Radeon R9 M370X,1576,93.3
Radeon R9 380,Radeon R9 380,5957,100.0
Radeon R9 380 OEM,Radeon R9 380,5957,75.0
Radeon R9 380X,Radeon R9 380X,6126,100.0
Radeon R9 390,Radeon R9 390,8802,100.0
Radeon R9 390X,Radeon R9 390X,9201,100.0
Radeon R9 FURY,Radeon R9 Fury,9529,100.0
Radeon R9 FURY X,Radeon R9 Fury X,9391,100.0
Radeon RX 460,Radeon RX 460,4098,100.0
Radeon RX 480,Radeon RX 480,8529,100.0
Radeon RX 5300 OEM,Radeon RX 5300M,5396,84.2
Radeon RX 550,Radeon RX 550,2699,100.0
Radeon RX 5500 OEM,Radeon RX 5500M,6039,84.2
Radeon RX 5500 XT,Radeon RX 5500 XT,9065,100.0
Radeon RX 550X,Radeon RX 550X,2331,100.0
Radeon RX 560,Radeon RX 560,3681,100.0
Radeon RX 5600 OEM,Radeon RX 5600 OEM,12425,100.0
Radeon RX 5600 XT,Radeon RX 5600 XT,13399,100.0
Radeon RX 560D,Radeon RX 560,3681,92.3
Radeon RX 560DX,Radeon RX 560X,3428,93.3
Radeon RX 560X,Radeon RX 560X,3428,100.0
Radeon RX 570,Radeon RX 570X,1923,92.3
Radeon RX 5700,Radeon RX 5700,14225,100.0
Radeon RX 5700 XT,Radeon RX 5700 XT,16065,100.0
Radeon RX 5700 XT 50th Anniversary,Radeon RX 5700 XT 50th Anniversary,16527,100.0
Radeon RX 570X,Radeon RX 570X,1923,100.0
Radeon RX 580,Radeon RX 580,8788,100.0
Radeon RX 580 2048SP,Radeon RX 580 2048SP,7622,100.0
Radeon RX 580 OEM,Radeon RX 580,8788,75.0
Radeon RX 580G,Radeon RX 580,8788,92.3
Radeon RX 580X,Radeon RX 580X,7426,100.0
Radeon RX 590,Radeon RX 590,9289,100.0
Radeon RX 590 GME,Radeon RX 590,9289,75.0
Radeon RX 640 OEM,Radeon RX 640,2249,75.0
Radeon RX 6400,Radeon RX 6400,7740,100.0
Radeon RX 6500 XT,Radeon RX 6500 XT,9625,100.0
Radeon RX 6600,Radeon RX 6600,15055,100.0
Radeon RX 6600 LE,Radeon RX 6600 LE,14000,100.0
Radeon RX 6600 XT,Radeon RX 6600 XT,16444,100.0
Radeon RX 6650 XT,Radeon RX 6650 XT,17115,100.0
Radeon RX 6700,Radeon RX 6700,18935,100.0
Radeon RX 6700 XT,Radeon RX 6700 XT,19732,100.0
Radeon RX 6750 GRE 10 GB,Radeon RX 6750 GRE 10GB,18978,84.8
Radeon RX 6750 GRE 12 GB,Radeon RX 6750 GRE 12GB,20155,84.8
Radeon RX 6750 XT,Radeon RX 6750 XT,20709,100.0
Radeon RX 6800,Radeon RX 6800,22047,100.0
Radeon RX 6800 XT,Radeon RX 6800 XT,25055,100.0
Radeon RX 6900 XT,Radeon RX 6900 XT,26688,100.0
Radeon RX 6950 XT,Radeon RX 6950 XT,28080,100.0
Radeon RX 7400,Radeon RX 7400,11908,100.0
Radeon RX 7600,Radeon RX 7600,16479,100.0
Radeon RX 7600 XT,Radeon RX 7600 XT,17309,100.0
Radeon RX 7650 GRE,Radeon RX 7650 GRE,17925,100.0
Radeon RX 7700,Radeon RX 7700,21014,100.0
Radeon RX 7700 XT,Radeon RX 7700 XT,22700,100.0
Radeon RX 7800 XT,Radeon RX 7800 XT,24384,100.0
Radeon RX 7900 GRE,Radeon RX 7900 GRE,27424,100.0
Radeon RX 7900 XT,Radeon RX 7900 XT,29042,100.0
Radeon RX 7900 XTX,Radeon RX 7900 XTX,31424,100.0
Radeon RX 9060,Radeon RX 9060,17603,100.0
Radeon RX 9060 XT 16 GB,Radeon RX 9060 XT 16GB,20101,83.9
Radeon RX 9060 XT 8 GB,Radeon RX 9060 XT 8GB,19781,82.8
Radeon RX 9070,Radeon RX 9070,25391,100.0
Radeon RX 9070 GRE,Radeon RX 9070 GRE,24025,100.0
Radeon RX 9070 GRE 16 GB,Radeon RX 9070 GRE,24025,78.6
Radeon RX 9070 XT,Radeon RX 9070 XT,26905,100.0
Radeon RX Vega 56,Radeon RX Vega 56,12969,100.0
Radeon RX Vega 64,Radeon RX Vega 64,13873,100.0
Radeon Sky 500,Radeon Sky 500,4722,100.0
Radeon VII,Radeon VII,16252,100.0
Radeon Vega Frontier Edition,Radeon Vega Frontier Edition,12705,100.0
Radeon Vega Frontier Edition Watercooled,Radeon Vega Frontier Edition,12705,77.8
Radeon X1050,Radeon X1050,49,100.0
Radeon X1300,Radeon X1300,58,100.0
Radeon X1300 AGP,Radeon X1300 PRO,84,77.8
Radeon X1300 CE,Radeon X1300,58,76.9
Radeon X1300 LE,Radeon X1300,58,76.9
Radeon X1300 PCI,Radeon X1300 PRO,84,77.8
Radeon X1300 PRO,Radeon X1300 PRO,84,100.0
Radeon X1300 PRO AGP,Radeon X1300 PRO,84,81.8
Radeon X1300 XT,Radeon X1300,58,76.9
Radeon X1550,Radeon X1550,66,100.0
Radeon X1600,Radeon X1600,49,100.0
Radeon X1600 PRO,Radeon X1600 Pro,98,100.0
Radeon X1600 PRO AGP,Radeon X1600 Pro,98,81.8
Radeon X1600 SE,Radeon X1600,49,76.9
Radeon X1600 XT,Radeon X1600 XT,115,100.0
Radeon X1650 AGP,Radeon X1650 GTO,74,77.8
Radeon X1650 GT,Radeon X1650 GTO,74,94.1
Radeon X1650 GTO,Radeon X1650 GTO,74,100.0
Radeon X1650 PRO,Radeon X1650 Pro,84,100.0
Radeon X1650 PRO AGP,Radeon X1650 Pro,84,81.8
Radeon X1650 SE,Radeon X1650 SE,71,100.0
Radeon X1650 XT,GeForce GTX 1650,7872,75.0
Radeon X1800 GTO,Radeon X1800 GTO,140,100.0
Radeon X1800 GTO2,Radeon X1800 GTO,140,94.7
Radeon X1900 CrossFire Edition,Radeon X1900 CrossFire Edition,137,100.0
Radeon X1900 GT,Radeon X1900 GT,145,100.0
Radeon X1950 CrossFire Edition,Radeon X1950 CrossFire Edition,151,100.0
Radeon X1950 GT,Radeon X1950 GT,106,100.0
Radeon X1950 GT AGP,Radeon X1950 GT,106,80.0
Radeon X1950 PRO,Radeon X1950 Pro,112,100.0
Radeon X1950 PRO AGP,Radeon X1950 Pro,112,81.8
Radeon X300,RADEON X300SE,38,80.0
Radeon X550,RADEON X550,50,100.0
Radeon X550 XT,RADEON X550XT,56,92.3
Radeon X550 XTX,Radeon X550XTX,70,93.3
Radeon X600,RADEON X600XT,91,80.0
Radeon X600 PRO,RADEON X600 PRO,67,100.0
Radeon X600 SE,RADEON X600 SE,49,100.0
Radeon X600 XT,RADEON X600XT,91,92.3
Radeon X700,RADEON X700,72,100.0
Radeon X700 AGP,RADEON X700 PRO,75,75.0
Radeon X700 LE,RADEON X700 SE,71,85.7
Radeon X700 PRO,RADEON X700 PRO,75,100.0
Radeon X700 PRO AGP,RADEON X700 PRO,75,80.0
Radeon X700 SE,RADEON X700 SE,71,100.0
Radeon X700 XT,RADEON X700,72,72.7
Radeon X800,RADEON X800GT,79,80.0
Radeon X800 GT,RADEON X800 GT,84,100.0
Radeon X800 GT AGP,RADEON X800 GT,84,77.8
Radeon X800 GTO,RADEON X800 GTO,114,100.0
Radeon X800 GTO AGP,RADEON X800 GTO,114,80.0
Radeon X800 GTO2,RADEON X800 GTO,114,94.1
Radeon X800 PRO,RADEON X800 PRO,64,100.0
Radeon X800 PRO AGP,RADEON X800 PRO/GTO,73,83.3
Radeon X800 SE,RADEON X800 SE,129,100.0
Radeon X800 SE AGP,RADEON X800 SE,129,77.8
Radeon X800 XL,RADEON X800 XL,69,100.0
Radeon X800 XL AGP,RADEON X800 XL,69,77.8
Radeon X800 XT,RADEON X800 XT,97,100.0
Radeon X800 XT AGP,RADEON X800 XT,97,77.8
Radeon X800 XT Mac Edition,RADEON X800 XT Platinum Edition,81,79.1
Radeon X800 XT Platinum,RADEON X800 XT Platinum Edition,81,80.0
Radeon X800 XT Platinum AGP,RADEON X800 XT Platinum Edition,81,77.3
Radeon X850 PRO,RADEON X850 PRO,72,100.0
Radeon X850 PRO AGP,RADEON X850 PRO,72,80.0
Radeon X850 XT,RADEON X850 XT,81,100.0
Radeon X850 XT AGP,RADEON X850 XT,81,77.8
Radeon X850 XT Platinum,RADEON X850 XT Platinum Edition,81,80.0
Radeon X850 XT Platinum AGP,RADEON X850 XT Platinum Edition,81,77.3
Rage 128 GL,Rage 128 Pro,1,78.3
Rage 128 GL PCI,Rage 128 Pro,1,74.1
Rage 128 PRO,Rage 128 Pro,1,100.0
Rage 128 PRO Ultra,Rage 128 Pro,1,80.0
Rage 128 PRO Ultra GL,Rage 128 Pro,1,72.7
Rage 128 VR AGP,Rage 128 Pro,1,74.1
Rage 128 VR PCI,Rage 128 Pro,1,74.1
Rage Fury,Radeon R9 Fury,9529,75.0
Riva TNT2 PRO,RIVA TNT2/TNT2 Pro,3,83.9
Ryzen AI Z2 Extreme GPU,AMD Ryzen Z1 Extreme,6430,76.9
Ryzen Z1 Extreme GPU,AMD Ryzen Z1 Extreme,6430,88.9
Ryzen Z1 GPU,Radeon Ryzen Z2 Go,4724,78.3
Ryzen Z2 A GPU,Radeon Ryzen Z2 Go,4724,80.0
Ryzen Z2 Extreme GPU,AMD Ryzen Z1 Extreme,6430,83.3
Ryzen Z2 GPU,Radeon Ryzen Z2 Go,4724,87.0
Ryzen Z2 Go GPU,Radeon Ryzen Z2 Go,4724,84.6
Stream Processor,Radeon RX Vega 11 Processor,1795,72.2
T1000,NVIDIA T1000,7653,100.0
T1000 8 GB,NVIDIA T1000 8GB,7678,94.7
T400,T400,3615,100.0
T400 4 GB,T400 4GB,3804,94.1
T600,NVIDIA T600,6370,100.0
TITAN RTX,TITAN RTX,19922,100.0
TITAN V,TITAN V,19720,100.0
TITAN V CEO Edition,TITAN V CEO Edition,16987,100.0
TITAN Xp,NVIDIA TITAN Xp,18753,100.0
Tesla C1060,Tesla M10,2968,80.0
Tesla C1080,Tesla K80,5753,80.0
Tesla C2050,Tesla C2050,3175,100.0
Tesla C2070,Tesla C2070,3120,100.0
Tesla C2075,Tesla C2075,3016,100.0
Tesla C2090,Tesla K20m,4432,76.2
Tesla C870,Tesla K80,5753,84.2
Tesla K20X,Tesla K20Xm,4714,95.2
Tesla K20Xm,Tesla K20Xm,4714,100.0
Tesla K20c,Tesla K20m,4432,90.0
Tesla K20m,Tesla K20m,4432,100.0
Tesla K20s,Tesla K20m,4432,90.0
Tesla K40c,Tesla K40c,4494,100.0
Tesla K40d,Tesla K40c,4494,90.0
Tesla K40m,Tesla K40m,3143,100.0
Tesla K40s,Tesla K40c,4494,90.0
Tesla K40st,Tesla K40c,4494,85.7
Tesla K40t,Tesla K40c,4494,90.0
Tesla K8,Tesla K80,5753,94.1
Tesla M1060,Tesla M10,2968,90.0
Tesla M2050,Tesla C2050,3175,90.9
Tesla M2070,Tesla M2070-Q,1305,91.7
Tesla M2070-Q,Tesla M2070-Q,1305,100.0
Tesla M2075,Tesla C2075,3016,90.9
Tesla M2090,Tesla M10,2968,80.0
Tesla M4,Tesla M40,10219,94.1
Tesla M40,Tesla M40,10219,100.0
Tesla M40 24 GB,Tesla M40 24GB,10641,96.6
Tesla P10,Tesla M10,2968,88.9
Tesla P100 PCIe 12 GB,Tesla P100-PCIE-16GB,9621,92.7
Tesla P100 PCIe 16 GB,Tesla P100-PCIE-16GB,9621,97.6
Tesla P4,Tesla P4,9187,100.0
Tesla P40,Tesla P40,11595,100.0
Tesla T10 16 GB,Tesla T10,11763,75.0
Tesla T4,Tesla T4,9911,100.0
Tesla T4G,Tesla T4,9911,94.1
Tesla V100 DGXS 16 GB,Tesla V100-PCIE-16GB,12328,73.2
Tesla V100 PCIe 16 GB,Tesla V100-PCIE-16GB,12328,97.6
Tesla V100 PCIe 32 GB,Tesla V100-PCIE-16GB,12328,87.8
Tesla V100 SXM2 16 GB,Tesla V100-SXM2-16GB,11265,97.6
Tesla V100 SXM2 32 GB,Tesla V100-SXM2-16GB,11265,87.8
Tesla V100 SXM3 32 GB,Tesla V100-SXM2-16GB,11265,82.9
Tesla V100S PCIe 32 GB,Tesla V100-PCIE-16GB,12328,85.7
Vanta LT,Vanta/Vanta LT,3,72.7
Xabre 200,RADEON XPRESS 200,29,73.7
Xabre 80,Xabre,5,76.9
i740,Radeon 740M,2963,75.0
